<?xml version="1.0" encoding="UTF-8" standalone="yes"?>
<!-- Copyright (c) Microsoft Corporation -->
<assembly xmlns="urn:schemas-microsoft-com:asm.v1" manifestVersion="1.0">
<assemblyIdentity
    version="5.1.0.0"
    processorArchitecture="amd64"
    name="Microsoft.Windows.FileSystem.CMD"
    type="win32"
/>
<description>Windows Command Processor</description>

<trustInfo xmlns="urn:schemas-microsoft-com:asm.v3">
    <security>
        <requestedPrivileges>
            <requestedExecutionLevel
                level="asInvoker"
                uiAccess="false"
            />
        </requestedPrivileges>
    </security>
</trustInfo>
<application  xmlns="urn:schemas-microsoft-com:asm.v3">
    <windowsSettings>
        <dpiAware  xmlns="http://schemas.microsoft.com/SMI/2005/WindowsSettings">true</dpiAware>
    </windowsSettings>
    <windowsSettings xmlns:ws2="http://schemas.microsoft.com/SMI/2016/WindowsSettings">
        <ws2:longPathAware>true</ws2:longPathAware>
    </windowsSettings>
</application>
</assembly>

