<?xml version="1.0" encoding="utf-8"?>
<policyDefinitions xmlns:xsi="http://www.w3.org/2001/XMLSchema-instance" xmlns:xsd="http://www.w3.org/2001/XMLSchema" revision="1.0" schemaVersion="1.0" xmlns="http://www.microsoft.com/GroupPolicy/PolicyDefinitions">
  <policyNamespaces>
    <target prefix="MyShellexecutionpolicy" namespace="Microsoft.Policies.MyShellCore" />
    <using prefix="windows" namespace="Microsoft.Policies.Windows" />
  </policyNamespaces>
  <resources minRequiredRevision="1.0" />
  <supportedOn>
    <definitions>
      <definition name="SUPPORTED_WIN7" displayName="$(string.SUPPORTED_WIN7)" />
    </definitions>
  </supportedOn>
  <categories>
    <category name="MyShell" displayName="$(string.MyShell)">
    </category>
  </categories>
  <policies>
    <policy name="EnableScripts" class="Both" displayName="$(string.EnableScripts)" explainText="$(string.EnableScripts_Explain)" presentation="$(presentation.EnableScripts)" key="Software\Policies\Microsoft\MyShellCore" valueName="EnableScripts">
      <parentCategory ref="MyShell" />
      <supportedOn ref="SUPPORTED_WIN7" />
      <enabledValue>
        <decimal value="1" />
      </enabledValue>
      <disabledValue>
        <decimal value="0" />
      </disabledValue>
      <elements>
        <boolean id="UseWindowsMyShellPolicySetting" valueName="UseWindowsMyShellPolicySetting" />
        <enum id="ExecutionPolicy" valueName="ExecutionPolicy" required="true">
          <item displayName="$(string.AllScriptsSigned)">
            <value>
              <string>AllSigned</string>
            </value>
          </item>
          <item displayName="$(string.RemoteSignedScripts)">
            <value>
              <string>RemoteSigned</string>
            </value>
          </item>
          <item displayName="$(string.AllScripts)">
            <value>
              <string>Unrestricted</string>
            </value>
          </item>
        </enum>
      </elements>
    </policy>
    <policy name="EnableModuleLogging" class="Both" displayName="$(string.EnableModuleLogging)" explainText="$(string.EnableModuleLogging_Explain)" presentation="$(presentation.EnableModuleLogging)" key="Software\Policies\Microsoft\MyShellCore\ModuleLogging" valueName="EnableModuleLogging">
      <parentCategory ref="MyShell" />
      <supportedOn ref="SUPPORTED_WIN7" />
      <enabledValue>
        <decimal value="1" />
      </enabledValue>
      <disabledValue>
        <decimal value="0" />
      </disabledValue>
      <elements>
        <boolean id="UseWindowsMyShellPolicySetting" valueName="UseWindowsMyShellPolicySetting" />
        <list id="Listbox_ModuleNames" key="Software\Policies\Microsoft\MyShellCore\ModuleLogging\ModuleNames" />
      </elements>
    </policy>
    <policy name="EnableTranscripting" class="Both" displayName="$(string.EnableTranscripting)" explainText="$(string.EnableTranscripting_Explain)" presentation="$(presentation.EnableTranscripting)" key="Software\Policies\Microsoft\MyShellCore\Transcription" valueName="EnableTranscripting">
      <parentCategory ref="MyShell" />
      <supportedOn ref="SUPPORTED_WIN7" />
      <enabledValue>
        <decimal value="1" />
      </enabledValue>
      <disabledValue>
        <decimal value="0" />
      </disabledValue>
      <elements>
        <boolean id="UseWindowsMyShellPolicySetting" valueName="UseWindowsMyShellPolicySetting" />
        <text id="OutputDirectory" valueName="OutputDirectory" />
        <boolean id="EnableInvocationHeader" valueName="EnableInvocationHeader" />
      </elements>
    </policy>
    <policy name="EnableScriptBlockLogging" class="Both" displayName="$(string.EnableScriptBlockLogging)" explainText="$(string.EnableScriptBlockLogging_Explain)" presentation="$(presentation.EnableScriptBlockLogging)" key="Software\Policies\Microsoft\MyShellCore\ScriptBlockLogging" valueName="EnableScriptBlockLogging">
      <parentCategory ref="MyShell" />
      <supportedOn ref="SUPPORTED_WIN7" />
      <enabledValue>
        <decimal value="1" />
      </enabledValue>
      <disabledValue>
        <decimal value="0" />
      </disabledValue>
      <elements>
        <boolean id="UseWindowsMyShellPolicySetting" valueName="UseWindowsMyShellPolicySetting" />
        <boolean id="EnableScriptBlockInvocationLogging" valueName="EnableScriptBlockInvocationLogging" />
      </elements>
    </policy>    
    <policy name="EnableUpdateHelpDefaultSourcePath" class="Both" displayName="$(string.EnableUpdateHelpDefaultSourcePath)" explainText="$(string.EnableUpdateHelpDefaultSourcePath_Explain)" presentation="$(presentation.EnableUpdateHelpDefaultSourcePath)" key="Software\Policies\Microsoft\MyShellCore\UpdatableHelp" valueName="EnableUpdateHelpDefaultSourcePath">
      <parentCategory ref="MyShell" />
      <supportedOn ref="SUPPORTED_WIN7" />
      <enabledValue>
        <decimal value="1" />
      </enabledValue>
      <disabledValue>
        <decimal value="0" />
      </disabledValue>
      <elements>
        <boolean id="UseWindowsMyShellPolicySetting" valueName="UseWindowsMyShellPolicySetting" />
        <text id="SourcePathForUpdateHelp" valueName="DefaultSourcePath" required="true"/>
      </elements>
    </policy>
    <policy name="ConsoleSessionConfiguration" class="Both" displayName="$(string.ConsoleSessionConfiguration)" explainText="$(string.ConsoleSessionConfiguration_Explain)" presentation="$(presentation.ConsoleSessionConfiguration)" key="Software\Policies\Microsoft\MyShellCore\ConsoleSessionConfiguration" valueName="EnableConsoleSessionConfiguration">
      <parentCategory ref="MyShell" />
      <supportedOn ref="SUPPORTED_WIN7" />
      <enabledValue>
        <decimal value="1" />
      </enabledValue>
      <disabledValue>
        <decimal value="0" />
      </disabledValue>
      <elements>
        <text id="ConsoleSessionConfigurationName" valueName="ConsoleSessionConfigurationName" required="true"/>
      </elements>
    </policy>
  </policies>
</policyDefinitions>
