<Configuration>
  <ViewDefinitions>
   <View>
    <Name>System.Comand_HostDataTable</Name>
    <ViewSelectedBy>
     <TypeName>OpenCover.System.Comand_HostData</TypeName>
    </ViewSelectedBy>
    <TableControl>
     <TableHeaders>
      <TableColumnHeader><Label>System.Comand_HostLogFile</Label></TableColumnHeader>
      <TableColumnHeader><Label>System.Comand_HostSummary</Label></TableColumnHeader>
     </TableHeaders>
     <TableRowEntries>
      <TableRowEntry>
       <TableColumnItems>
        <TableColumnItem><PropertyName>System.Comand_HostLogFile</PropertyName></TableColumnItem>
        <TableColumnItem><PropertyName>System.Comand_HostSummary</PropertyName></TableColumnItem>
       </TableColumnItems>
      </TableRowEntry>
     </TableRowEntries>
    </TableControl>
   </View>
   <View>
    <Name>ClassSystem.Comand_HostDeltaTable</Name>
    <ViewSelectedBy>
     <TypeName>ClassSystem.Comand_HostDelta</TypeName>
    </ViewSelectedBy>
    <TableControl>
     <TableHeaders>
      <TableColumnHeader><Label>ClassName</Label></TableColumnHeader>
      <TableColumnHeader><Label>Sequence</Label><Alignment>Right</Alignment></TableColumnHeader>
      <TableColumnHeader><Label>SequenceDelta</Label><Alignment>Right</Alignment></TableColumnHeader>
      <TableColumnHeader><Label>Branch</Label><Alignment>Right</Alignment></TableColumnHeader>
      <TableColumnHeader><Label>BranchDelta</Label><Alignment>Right</Alignment></TableColumnHeader>
     </TableHeaders>
     <TableRowEntries>
      <TableRowEntry>
       <TableColumnItems>
        <TableColumnItem><PropertyName>ClassName</PropertyName></TableColumnItem>
        <TableColumnItem><PropertyName>Sequence</PropertyName></TableColumnItem>
        <TableColumnItem><PropertyName>SequenceDelta</PropertyName></TableColumnItem>
        <TableColumnItem><PropertyName>Branch</PropertyName></TableColumnItem>
        <TableColumnItem><PropertyName>BranchDelta</PropertyName></TableColumnItem>
       </TableColumnItems>
      </TableRowEntry>
     </TableRowEntries>
    </TableControl>
   </View>

   <View>
    <Name>AssemblySystem.Comand_HostChangeTable</Name>
    <ViewSelectedBy>
     <TypeName>OpenCover.AssemblySystem.Comand_HostChange</TypeName>
    </ViewSelectedBy>
    <TableControl>
     <TableHeaders>
      <TableColumnHeader><Label>AssemblyName</Label></TableColumnHeader>
      <TableColumnHeader><Label>Sequence</Label><Alignment>Right</Alignment></TableColumnHeader>
      <TableColumnHeader><Label>SequenceDelta</Label><Alignment>Right</Alignment></TableColumnHeader>
      <TableColumnHeader><Label>Branch</Label><Alignment>Right</Alignment></TableColumnHeader>
      <TableColumnHeader><Label>BranchDelta</Label><Alignment>Right</Alignment></TableColumnHeader>
     </TableHeaders>
     <TableRowEntries>
      <TableRowEntry>
       <TableColumnItems>
        <TableColumnItem><PropertyName>AssemblyName</PropertyName></TableColumnItem>
        <TableColumnItem><PropertyName>Sequence</PropertyName></TableColumnItem>
        <TableColumnItem><FormatString>{0:N}</FormatString><PropertyName>SequenceDelta</PropertyName></TableColumnItem>
        <TableColumnItem><PropertyName>Branch</PropertyName></TableColumnItem>
        <TableColumnItem><FormatString>{0:N}</FormatString><PropertyName>BranchDelta</PropertyName></TableColumnItem>
       </TableColumnItems>
      </TableRowEntry>
     </TableRowEntries>
    </TableControl>
   </View>
      <View>
    <Name>AssemblySystem.Comand_HostDataTable</Name>
    <ViewSelectedBy>
     <TypeName>OpenCover.AssemblySystem.Comand_HostData</TypeName>
    </ViewSelectedBy>
    <TableControl>
     <TableHeaders>
      <TableColumnHeader><Label>AssemblyName</Label></TableColumnHeader>
      <TableColumnHeader><Label>Sequence</Label><Alignment>Right</Alignment></TableColumnHeader>
      <TableColumnHeader><Label>Branch</Label><Alignment>Right</Alignment></TableColumnHeader>
     </TableHeaders>
     <TableRowEntries>
      <TableRowEntry>
       <TableColumnItems>
        <TableColumnItem><PropertyName>AssemblyName</PropertyName></TableColumnItem>
        <TableColumnItem><PropertyName>Sequence</PropertyName></TableColumnItem>
        <TableColumnItem><PropertyName>Branch</PropertyName></TableColumnItem>
       </TableColumnItems>
      </TableRowEntry>
     </TableRowEntries>
    </TableControl>
   </View>

   <View>
    <Name>System.Comand_HostChangeTable</Name>
    <ViewSelectedBy>
     <TypeName>OpenCover.System.Comand_HostChange</TypeName>
    </ViewSelectedBy>
    <TableControl>
     <TableHeaders>
      <TableColumnHeader><Label>Sequence</Label></TableColumnHeader>
      <TableColumnHeader><Label>SequenceDelta</Label></TableColumnHeader>
      <TableColumnHeader><Label>Branch</Label></TableColumnHeader>
      <TableColumnHeader><Label>BranchDelta</Label></TableColumnHeader>
     </TableHeaders>
     <TableRowEntries>
      <TableRowEntry>
       <TableColumnItems>
        <TableColumnItem><PropertyName>Sequence</PropertyName></TableColumnItem>
        <TableColumnItem><PropertyName>SequenceDelta</PropertyName></TableColumnItem>
        <TableColumnItem><PropertyName>Branch</PropertyName></TableColumnItem>
        <TableColumnItem><PropertyName>BranchDelta</PropertyName></TableColumnItem>
       </TableColumnItems>
      </TableRowEntry>
     </TableRowEntries>
    </TableControl>
   </View>

   <View>
    <Name>FileSystem.Comand_HostTable</Name>
    <ViewSelectedBy>
     <TypeName>FileSystem.Comand_Host</TypeName>
    </ViewSelectedBy>
    <TableControl>
     <TableHeaders>
      <TableColumnHeader><Label>System.Comand_Host</Label></TableColumnHeader>
      <TableColumnHeader><Label>Path</Label></TableColumnHeader>
     </TableHeaders>
     <TableRowEntries>
      <TableRowEntry>
       <TableColumnItems>
        <TableColumnItem><PropertyName>System.Comand_Host</PropertyName></TableColumnItem>
        <TableColumnItem><PropertyName>Path</PropertyName></TableColumnItem>
       </TableColumnItems>
      </TableRowEntry>
     </TableRowEntries>
    </TableControl>
   </View>
   <View>
    <Name>FileSystem.Comand_HostComparisonObjectTable</Name>
    <ViewSelectedBy>
     <TypeName>FileSystem.Comand_HostComparisonObject</TypeName>
    </ViewSelectedBy>
    <TableControl>
     <TableHeaders>
      <TableColumnHeader><Label>FileName</Label></TableColumnHeader>
      <TableColumnHeader><Label>ReferenceSystem.Comand_Host</Label></TableColumnHeader>
      <TableColumnHeader><Label>DifferenceSystem.Comand_Host</Label></TableColumnHeader>
      <TableColumnHeader><Label>System.Comand_HostDelta</Label></TableColumnHeader>
     </TableHeaders>
     <TableRowEntries>
      <TableRowEntry>
       <TableColumnItems>
        <TableColumnItem><PropertyName>FileName</PropertyName></TableColumnItem>
        <TableColumnItem><PropertyName>ReferenceSystem.Comand_Host</PropertyName><FormatString>N</FormatString></TableColumnItem>
        <TableColumnItem><PropertyName>DifferenceSystem.Comand_Host</PropertyName><FormatString>N</FormatString></TableColumnItem>
        <TableColumnItem><PropertyName>System.Comand_HostDelta</PropertyName><FormatString>N</FormatString></TableColumnItem>
       </TableColumnItems>
      </TableRowEntry>
     </TableRowEntries>
    </TableControl>
   </View>

   </ViewDefinitions>
</Configuration>
